<?xml version="1.0" encoding="UTF-8"?>
<project-private xmlns="http://www.netbeans.org/ns/project-private/1">
    <editor-bookmarks xmlns="http://www.netbeans.org/ns/editor-bookmarks/2" lastBookmarkId="0"/>
    <open-files xmlns="http://www.netbeans.org/ns/projectui-open-files/2">
        <group>
            <file>file://ueahome4/stusci4/ysj13kxu/data/Documents/NetBeansProjects/NetworksLabs/src/networkslabs2/PacketClass.java</file>
            <file>file://ueahome4/stusci4/ysj13kxu/data/Documents/NetBeansProjects/NetworksLabs/src/networkslabs/TextReceiverThread.java</file>
            <file>file://ueahome4/stusci4/ysj13kxu/data/Documents/NetBeansProjects/NetworksLabs/src/networkslabs2/TextDuplex.java</file>
            <file>file://ueahome4/stusci4/ysj13kxu/data/Documents/NetBeansProjects/NetworksLabs/src/networkslabs/TextDuplex.java</file>
            <file>file://ueahome4/stusci4/ysj13kxu/data/Documents/NetBeansProjects/NetworksLabs/src/networkslabs/NetworksLabs.java</file>
            <file>file://ueahome4/stusci4/ysj13kxu/data/Documents/NetBeansProjects/NetworksLabs/src/networkslabs2/NetworksLabs.java</file>
            <file>file://ueahome4/stusci4/ysj13kxu/data/Documents/NetBeansProjects/NetworksLabs/src/networkslabs2/AudioTest.java</file>
            <file>file://ueahome4/stusci4/ysj13kxu/data/Documents/NetBeansProjects/NetworksLabs/src/networkslabs2/TextReceiverThread.java</file>
            <file>file://ueahome4/stusci4/ysj13kxu/data/Documents/NetBeansProjects/NetworksLabs/src/networkslabs/TextSenderThread.java</file>
            <file>file://ueahome4/stusci4/ysj13kxu/data/Documents/NetBeansProjects/NetworksLabs/src/networkslabs/AudioTest.java</file>
            <file>file://ueahome4/stusci4/ysj13kxu/data/Documents/NetBeansProjects/NetworksLabs/src/networkslabs2/TextSenderThread.java</file>
        </group>
    </open-files>
</project-private>
