<?xml version="1.0" encoding="UTF-8"?>
<project-private xmlns="http://www.netbeans.org/ns/project-private/1">
    <editor-bookmarks xmlns="http://www.netbeans.org/ns/editor-bookmarks/2" lastBookmarkId="0"/>
    <open-files xmlns="http://www.netbeans.org/ns/projectui-open-files/2">
        <group>
            <file>file://ueahome4/stusci4/ysj13kxu/data/Documents/NetBeansProjects/CardGames/src/Question1/Hand.java</file>
            <file>file://ueahome4/stusci4/ysj13kxu/data/Documents/NetBeansProjects/CardGames/src/Question2/IntermediatePlayer.java</file>
            <file>file://ueahome4/stusci4/ysj13kxu/data/Documents/NetBeansProjects/CardGames/src/Question1/BasicPlayer.java</file>
            <file>file://ueahome4/stusci4/ysj13kxu/data/Documents/NetBeansProjects/CardGames/src/Question2/Suit.java</file>
            <file>file://ueahome4/stusci4/ysj13kxu/data/Documents/NetBeansProjects/CardGames/src/Question1/Suit.java</file>
            <file>file://ueahome4/stusci4/ysj13kxu/data/Documents/NetBeansProjects/CardGames/src/Question2/Player.java</file>
            <file>file://ueahome4/stusci4/ysj13kxu/data/Documents/NetBeansProjects/CardGames/src/Question2/Card.java</file>
            <file>file://ueahome4/stusci4/ysj13kxu/data/Documents/NetBeansProjects/CardGames/src/Question1/Card.java</file>
            <file>file://ueahome4/stusci4/ysj13kxu/data/Documents/NetBeansProjects/CardGames/src/Question2/BlackjackDealer.java</file>
            <file>file://ueahome4/stusci4/ysj13kxu/data/Documents/NetBeansProjects/CardGames/src/Question1/IntermediatePlayer.java</file>
            <file>file://ueahome4/stusci4/ysj13kxu/data/Documents/NetBeansProjects/CardGames/src/Question1/Player.java</file>
            <file>file://ueahome4/stusci4/ysj13kxu/data/Documents/NetBeansProjects/CardGames/src/Question1/BlackjackTable.java</file>
            <file>file://ueahome4/stusci4/ysj13kxu/data/Documents/NetBeansProjects/CardGames/src/Question1/CardTest.java</file>
            <file>file://ueahome4/stusci4/ysj13kxu/data/Documents/NetBeansProjects/CardGames/src/Question2/Hand.java</file>
            <file>file://ueahome4/stusci4/ysj13kxu/data/Documents/NetBeansProjects/CardGames/src/Question2/Game.java</file>
            <file>file://ueahome4/stusci4/ysj13kxu/data/Documents/NetBeansProjects/CardGames/src/Question2/Dealer.java</file>
            <file>file://ueahome4/stusci4/ysj13kxu/data/Documents/NetBeansProjects/CardGames/src/Question2/AdvancedPlayer.java</file>
            <file>file://ueahome4/stusci4/ysj13kxu/data/Documents/NetBeansProjects/CardGames/src/Question1/HumanPlayer.java</file>
            <file>file://ueahome4/stusci4/ysj13kxu/data/Documents/NetBeansProjects/CardGames/src/Question1/BlackjackDealer.java</file>
            <file>file://ueahome4/stusci4/ysj13kxu/data/Documents/NetBeansProjects/CardGames/src/Question2/Deck.java</file>
            <file>file://ueahome4/stusci4/ysj13kxu/data/Documents/NetBeansProjects/CardGames/src/Question2/HumanPlayer.java</file>
            <file>file://ueahome4/stusci4/ysj13kxu/data/Documents/NetBeansProjects/CardGames/src/Question1/Rank.java</file>
            <file>file://ueahome4/stusci4/ysj13kxu/data/Documents/NetBeansProjects/CardGames/src/Question2/BlackjackTable.java</file>
            <file>file://ueahome4/stusci4/ysj13kxu/data/Documents/NetBeansProjects/CardGames/src/Question2/BasicPlayer.java</file>
            <file>file://ueahome4/stusci4/ysj13kxu/data/Documents/NetBeansProjects/CardGames/src/Question2/Rank.java</file>
            <file>file://ueahome4/stusci4/ysj13kxu/data/Documents/NetBeansProjects/CardGames/src/Question1/Deck.java</file>
            <file>file://ueahome4/stusci4/ysj13kxu/data/Documents/NetBeansProjects/CardGames/src/Question1/AdvancedPlayer.java</file>
            <file>file://ueahome4/stusci4/ysj13kxu/data/Documents/NetBeansProjects/CardGames/src/Question1/Dealer.java</file>
        </group>
    </open-files>
</project-private>
